id,picture,artist,hottest,streams_b,followers_mio,listeners_mio,scoring
1,,Taylor Swift,100,57.99,86.48,100.97,233
2,,Drake,95,62.97,79.86,75.33,205
3,,Bad Bunny,94,58.00,74.24,74.80,189
4,,The Weeknd,94,47.65,71.64,106.92,186
5,,Ed Sheeran,87,44.58,115.09,75.72,166
6,,Ariana Grande,87,38.23,93.83,66.34,141
7,,Justin Bieber,88,38.19,74.29,73.24,139
8,,Eminem,88,37.54,76.68,63.69,134
9,,Billie Eilish,88,29.34,86.41,71.08,125
10,,Post Malone,89,35.28,42.11,63.26,113
11,,Rihanna,88,26.29,57.90,76.33,109
12,,BTS,87,35.50,69.61,32.76,106
13,,Coldplay,86,27.68,47.28,65.80,99
14,,Dua Lipa,86,26.97,41.60,75.69,98
15,,Imagine Dragons,86,26.64,50.33,59.21,96
16,,Bruno Mars,87,22.55,51.05,65.81,93
17,,Travis Scott,93,26.05,24.19,65.08,91
18,,J Balvin,84,31.35,37.93,51.61,91
19,,Kanye West,89,31.82,21.32,58.18,89
20,,David Guetta,87,24.42,26.65,70.04,83
21,,Ozuna,86,25.24,38.10,45.36,82
22,,Maroon 5,83,23.50,41.53,57.16,81
23,,KAROL G,90,17.47,39.62,56.63,78
24,,XXXTENTACION,84,25.64,43.08,35.90,77
25,,Adele,84,17.98,51.41,52.17,74
26,,Daddy Yankee,85,20.26,33.91,53.19,73
27,,Queen,83,19.68,48.40,47.39,73
28,,Lana Del Rey,90,18.46,27.92,56.61,73
29,,Beyoncé,85,19.76,35.97,50.41,72
30,,Juice WRLD,86,27.41,30.68,29.61,72
31,,Shawn Mendes,81,21.87,42.51,44.26,71
32,,Kendrick Lamar,87,22.41,25.39,47.23,71
33,,Calvin Harris,84,21.28,23.64,64.43,70
34,,Selena Gomez,83,16.84,45.23,56.14,70
35,,Nicki Minaj,86,18.19,29.57,61.08,70
36,,Harry Styles,85,19.02,29.37,58.85,70
37,,Shakira,86,16.65,31.42,63.44,69
38,,Sam Smith,83,21.29,23.14,55.88,66
39,,Doja Cat,87,15.14,26.31,68.26,65
40,,Lady Gaga,83,18.62,27.96,52.45,64
41,,Khalid,83,23.95,16.15,51.51,63
42,,Arijit Singh,89,9.37,89.51,39.62,63
43,,Marshmello,82,15.62,35.33,57.10,62
44,,Olivia Rodrigo,90,12.52,28.07,61.87,62
45,,One Direction,82,18.80,33.24,38.33,61
46,,Future,88,18.97,14.86,51.34,60
47,,Anuel AA,86,17.39,32.40,32.94,60
48,,Chris Brown,85,18.42,20.55,47.19,59
49,,Miley Cyrus,85,14.48,22.15,71.34,59
50,,J. Cole,85,18.36,21.40,40.71,58
51,,Katy Perry,82,15.44,29.39,51.39,58
52,,Rauw Alejandro,87,17.33,18.50,45.78,58
53,,Maluma,83,15.65,34.56,38.93,57
54,,Sia,82,15.98,26.98,46.47,56
55,,Arctic Monkeys,85,15.74,21.55,46.75,55
56,,SZA,88,14.07,14.73,62.93,54
57,,21 Savage,89,13.48,14.84,56.25,52
58,,Linkin Park,83,16.19,24.47,34.38,52
59,,The Beatles,82,16.65,26.19,29.97,51
60,,Halsey,80,16.25,20.94,42.65,50
61,,The Chainsmokers,79,17.26,20.45,37.58,49
62,,Camila Cabello,78,13.92,31.58,38.72,48
63,,Lil Uzi Vert,85,16.06,15.88,34.32,48
64,,Michael Jackson,80,11.99,28.79,36.62,45
65,,BLACKPINK,83,10.78,45.52,24.48,45
66,,Avicii,79,14.44,23.25,36.09,45
67,,OneRepublic,81,12.93,16.27,46.79,44
68,,Myke Towers,87,11.94,12.55,46.82,44
69,,Alan Walker,80,10.47,39.44,31.16,43
70,,Lil Baby,86,12.66,15.31,30.06,42
71,,Farruko,82,13.48,15.55,37.48,42
72,,Red Hot Chili Peppers,81,13.33,20.20,30.17,42
73,,Twenty One Pilots,78,14.64,24.07,25.82,42
74,,Charlie Puth,81,10.24,21.32,40.90,40
75,,Demi Lovato,78,11.73,26.12,32.25,40
76,,Metro Boomin,87,13.43,5.60,51.62,39
77,,Pritam,86,8.52,20.46,35.04,38
78,,Metallica,80,11.15,25.95,25.02,38
79,,Elton John,81,11.03,12.24,47.82,38
80,,Cardi B,79,10.30,22.16,33.77,37
81,,Lil Wayne,84,10.48,14.07,35.14,37
82,,AC/DC,79,10.17,27.37,28.37,37
83,,"Tyler, The Creator",84,11.17,12.63,29.38,36
84,,Pitbull,81,11.52,10.27,36.95,35
85,,Feid,89,10.53,7.37,38.95,35
86,,Nicky Jam,80,10.09,19.26,27.56,35
87,,James Arthur,81,10.13,13.44,38.09,35
88,,Sebastian Yatra,80,9.43,22.42,27.86,35
89,,P!nk,79,10.12,15.87,33.75,34
90,,Ellie Goulding,78,10.85,12.32,40.48,34
91,,Guns N' Roses,78,8.22,30.00,28.52,34
92,,The Neighbourhood,82,9.87,13.65,32.63,34
93,,Romeo Santos,81,9.76,20.02,23.54,34
94,,Peso Pluma,92,7.70,7.29,50.99,34
95,,Bizarrap,83,8.16,12.49,41.43,33
96,,Jason Derulo,77,11.90,11.93,33.09,33
97,,Frank Ocean,82,10.30,11.80,27.96,32
98,,Young Thug,84,10.34,8.90,30.62,32
99,,Pop Smoke,80,11.33,12.94,24.17,32
100,,Nirvana,79,9.21,18.26,27.95,32
101,,Tiësto,83,10.45,7.12,42.40,32
102,,Morgan Wallen,87,10.89,7.12,25.61,31
103,,Kygo,77,13.84,8.44,26.68,31
104,,Mac Miller,82,11.53,9.51,23.88,31
105,,A$AP Rocky,81,9.13,12.81,29.54,31
106,,DaBaby,79,10.75,11.17,29.03,31
107,,Wiz Khalifa,80,10.06,11.22,30.62,31
108,,Manuel Turizo,83,7.85,13.01,35.50,31
109,,Marília Mendonça,79,8.95,33.01,12.62,30
110,,Lewis Capaldi,79,9.20,11.68,31.92,30
111,,Green Day,79,8.89,14.35,30.89,30
112,,Lil Nas X,76,10.56,12.49,28.90,30
113,,ZAYN,75,8.92,22.73,24.24,30
114,,50 Cent,81,8.16,12.44,31.27,29
115,,DJ Snake,76,11.03,8.73,32.83,29
116,,JAY-Z,82,8.73,8.63,35.95,29
117,,Anne-Marie,79,8.35,11.18,39.81,29
118,,Justin Timberlake,78,8.40,13.28,33.88,29
119,,Playboi Carti,84,7.88,8.80,37.60,29
120,,Britney Spears,79,8.38,12.82,33.36,29
121,,Fleetwood Mac,80,8.57,10.42,33.23,29
122,,Bebe Rexha,79,8.48,8.49,43.29,28
123,,Sech,79,10.41,11.90,20.76,28
124,,A.R. Rahman,79,4.56,38.52,31.84,28
125,,Martin Garrix,74,10.31,15.88,22.60,28
126,,YoungBoy Never Broke Again,81,10.11,11.78,17.47,28
127,,Luis Miguel,82,9.61,13.61,17.22,28
128,,Gunna,85,8.55,5.90,37.38,28
129,,Becky G,78,7.82,13.86,32.24,28
130,,Junior H,88,7.09,10.14,27.09,28
131,,Fall Out Boy,78,9.93,10.28,25.53,28
132,,2Pac,78,8.07,16.18,23.10,27
133,,Panic! At The Disco,75,10.24,12.00,22.56,27
134,,Black Eyed Peas,78,8.82,7.71,39.40,27
135,,Pink Floyd,77,8.44,19.63,18.88,27
136,,Luke Combs,83,8.86,9.25,23.47,27
137,,Kodak Black,80,8.52,9.73,28.15,27
138,,Lil Peep,81,11.05,10.67,14.89,27
139,,The Rolling Stones,77,8.06,13.31,26.38,26
140,,Trippie Redd,80,9.29,9.02,22.89,26
141,,Anirudh Ravichander,85,4.71,21.88,26.23,26
142,,Polo G,81,8.15,10.09,24.00,26
143,,Don Omar,81,7.24,10.16,32.75,26
144,,Duki,83,7.55,9.45,24.13,26
145,,Joji,79,8.69,8.91,23.18,25
146,,Camilo,77,7.19,18.12,21.60,25
147,,Bob Marley & The Wailers,78,8.77,11.86,19.23,25
148,,Snoop Dogg,81,6.53,10.19,30.11,25
149,,Usher,78,7.13,10.76,29.34,25
150,,Henrique & Juliano,81,7.34,20.11,12.47,25
151,,Meghan Trainor,76,7.09,13.92,25.79,24
152,,DJ Khaled,75,8.41,10.43,25.92,24
153,,Migos,75,8.64,13.48,18.48,24
154,,Gusttavo Lima,80,6.63,20.61,12.85,24
155,,ROSALÍA,81,6.55,7.88,33.93,24
156,,Arcangel,81,6.36,12.04,23.51,24
157,,Gorillaz,77,8.05,10.86,23.30,24
158,,A Boogie Wit da Hoodie,80,9.42,7.71,19.80,24
159,,Anitta,77,7.45,13.11,20.65,24
160,,Childish Gambino,77,7.73,11.41,22.81,24
161,,Christian Nodal,79,6.96,13.88,19.82,24
162,,Banda MS de Sergio Lizárraga,77,7.76,17.75,15.76,24
163,,Melanie Martinez,79,7.16,18.33,14.51,24
164,,Tyga,78,9.41,6.92,24.45,24
165,,NF,79,9.61,8.97,16.36,24
166,,Jhayco,84,6.23,6.69,34.31,24
167,,ABBA,78,6.82,10.94,27.36,24
168,,Flo Rida,77,7.79,8.96,27.68,24
169,,Hozier,81,7.58,5.94,28.22,23
170,,Madonna,79,6.15,7.22,39.90,23
171,,5 Seconds of Summer,76,8.93,9.66,19.89,23
172,,Radiohead,79,7.25,8.71,24.10,23
173,,Enrique Iglesias,75,7.88,11.33,23.87,23
174,,Bon Jovi,76,6.33,12.69,26.53,23
175,,$uicideboy$,84,10.82,6.02,11.12,23
176,,Ava Max,78,7.88,6.01,32.25,23
177,,Major Lazer,74,9.52,6.38,25.20,22
178,,Natanael Cano,85,5.84,8.54,20.51,22
179,,Mariah Carey,76,7.43,9.33,25.32,22
180,,Zara Larsson,74,7.46,10.39,23.93,22
181,,The Kid LAROI,78,8.49,4.73,30.93,22
182,,Carin Leon,84,5.55,7.86,26.04,22
183,,Kid Cudi,78,7.98,6.68,23.91,22
184,,Paulo Londra,74,6.70,22.50,13.66,22
185,,Jorge & Mateus,78,6.80,19.42,11.08,22
186,,Little Mix,73,8.97,11.67,17.38,22
187,,Foo Fighters,77,7.09,11.30,20.61,22
188,,Alok,77,5.44,12.25,23.66,21
189,,Lauv,76,9.00,5.96,20.33,21
190,,Luis Fonsi,73,7.20,11.26,21.91,21
191,,Tame Impala,78,6.89,6.90,24.43,21
192,,Daft Punk,79,6.67,9.65,19.77,21
193,,U2,76,6.66,11.54,19.99,21
194,,System Of A Down,78,6.87,9.62,17.50,21
195,,Led Zeppelin,75,6.64,13.75,18.35,21
196,,TWICE,78,7.08,18.89,9.91,21
197,,Skrillex,76,6.53,8.26,21.55,20
198,,Grupo Firme,80,5.25,10.91,18.93,20
199,,Aerosmith,75,5.22,13.83,23.20,20
200,,Zé Neto & Cristiano,78,5.60,18.97,11.74,20
201,,Paramore,77,6.54,8.06,21.07,20
202,,Alicia Keys,76,5.53,11.06,24.48,20
203,,Lorde,74,6.99,10.00,21.49,20
204,,Elvis Presley,76,6.99,8.72,17.77,20
205,,Reik,76,7.16,8.54,19.74,20
206,,Tory Lanez,79,6.67,5.97,24.25,20
207,,Dr. Dre,78,5.26,10.46,22.59,20
208,,Lil Durk,82,5.85,6.18,26.96,20
209,,Megan Thee Stallion,76,6.35,7.94,24.84,20
210,,Morat,80,6.84,9.68,14.75,20
211,,Creedence Clearwater Revival,78,6.09,6.09,29.08,20
212,,David Bowie,75,7.08,9.82,16.79,20
213,,The Notorious B.I.G.,76,6.50,9.26,21.10,20
214,,Sean Paul,79,6.37,4.49,33.85,20
215,,Troye Sivan,76,5.98,7.87,27.45,20
216,,John Mayer,75,9.36,5.96,15.59,20
217,,Diplo,77,9.87,2.58,33.40,20
218,,Måneskin,79,5.41,7.86,23.77,19
219,,The Killers,75,6.85,7.13,22.44,19
220,,Kali Uchis,83,4.60,5.26,36.03,19
221,,Roddy Ricch,76,5.59,9.80,20.17,19
222,,Robin Schulz,76,8.69,3.10,26.87,19
223,,G-Eazy,74,9.66,5.21,17.56,19
224,,Conan Gray,78,5.40,8.36,23.83,19
225,,Quevedo,85,5.51,2.85,37.61,19
226,,blink-182,76,6.78,7.79,17.94,19
227,,Big Sean,75,6.22,11.14,18.76,19
228,,Labrinth,78,6.87,3.05,29.42,18
229,,Logic,74,9.07,5.94,11.90,18
230,,Jonas Brothers,77,5.54,7.21,24.14,18
231,,Slipknot,77,6.48,10.11,11.92,18
232,,Lil Tjay,79,5.87,7.13,16.78,18
233,,Frank Sinatra,74,8.02,6.57,14.39,18
234,,Ne-Yo,77,5.31,8.30,22.82,18
235,,Zedd,73,8.41,6.00,16.55,18
236,,Clean Bandit,72,7.83,5.28,21.31,18
237,,The Lumineers,77,6.08,5.24,23.35,18
238,,Fuerza Regida,85,4.90,4.78,23.36,18
239,,Whitney Houston,74,5.55,9.62,23.11,18
240,,Wisin & Yandel,78,5.84,6.69,20.67,18
241,,Rels B,82,5.52,5.81,20.10,18
242,,Maná,76,5.39,10.27,17.23,18
243,,Niall Horan,74,5.95,9.81,17.07,18
244,,Eladio Carrion,83,5.23,4.89,22.17,18
245,,Oasis,75,5.94,9.18,20.12,18
246,,Stray Kids,82,5.60,12.66,8.43,18
247,,Jennifer Lopez,73,4.99,12.43,22.72,18
248,,Ty Dolla $ign,78,5.82,4.74,26.10,18
249,,Piso 21,74,5.54,9.23,17.37,17
250,,Macklemore,76,8.09,2.12,30.65,17
251,,Machine Gun Kelly,76,8.32,5.14,13.16,17
252,,Alessia Cara,72,5.23,11.88,17.50,17
253,,blackbear,74,8.14,4.88,17.31,17
254,,Maria Becerra,82,4.86,4.83,25.86,17
255,,Jack Harlow,77,7.32,2.99,26.65,17
256,,Matheus & Kauan,77,5.25,11.35,12.02,17
257,,Rammstein,77,6.43,8.67,10.54,17
258,,Eagles,74,4.77,9.96,20.17,17
259,,The 1975,76,6.81,6.91,13.43,17
260,,Christina Aguilera,75,5.13,7.78,23.74,17
261,,Bastille,73,7.00,5.47,20.64,17
262,,Cartel De Santa,76,4.98,15.37,10.22,17
263,,Russ,76,7.51,4.95,16.74,17
264,,Miguel,78,5.32,4.79,27.82,17
265,,John Legend,74,6.27,6.58,21.11,17
266,,Bryson Tiller,77,5.39,7.48,16.77,17
267,,Avril Lavigne,74,5.31,10.31,18.59,17
268,,Yandel,78,4.37,7.24,24.11,17
269,,Bee Gees,75,4.49,7.19,26.44,16
270,,Jung Kook,86,2.27,9.75,32.44,16
271,,NLE Choppa,79,4.24,6.73,20.18,16
272,,Meek Mill,73,6.16,7.58,14.18,16
273,,Kelly Clarkson,73,5.09,10.16,17.86,16
274,,Summer Walker,78,4.90,5.43,21.04,16
275,,Michael Bublé,71,7.86,5.99,12.34,16
276,,Muse,74,6.13,7.69,13.39,16
277,,Florence + The Machine,75,5.53,6.56,19.72,16
278,,Cigarettes After Sex,79,4.35,8.12,18.20,16
279,,Aventura,76,5.21,7.54,17.48,16
280,,My Chemical Romance,75,5.78,7.94,15.56,16
281,,Daniel Caesar,78,4.68,4.49,26.45,16
282,,Shreya Ghoshal,81,1.85,19.70,33.74,16
283,,Jonas Blue,74,7.18,3.85,20.79,16
284,,The Police,75,4.14,5.63,26.26,15
285,,Lil Tecca,77,5.13,6.28,16.55,15
286,,Dave,81,4.13,3.65,29.10,15
287,,Akon,80,4.39,3.99,24.84,15
288,,Glass Animals,74,5.73,3.89,23.62,15
289,,Wesley Safadão,74,4.74,12.23,11.06,15
290,,Florida Georgia Line,73,6.82,5.42,13.07,15
291,,Calum Scott,75,4.46,5.34,26.29,15
292,,Maiara & Maraisa,74,4.54,13.34,11.04,15
293,,Billy Joel,75,4.98,5.44,22.34,15
294,,Alejandro Fernández,74,5.32,7.19,14.83,15
295,,Stevie Wonder,73,5.03,6.28,18.84,15
296,,Gucci Mane,76,5.90,5.01,16.56,15
297,,Rae Sremmurd,71,5.86,7.34,13.69,15
298,,Brent Faiyaz,81,4.08,4.54,21.71,15
299,,Luke Bryan,75,5.59,8.52,11.30,15
300,,Rita Ora,72,5.56,8.33,13.87,15
301,,The Script,72,5.22,8.09,17.01,15
302,,Prince Royce,74,4.54,7.97,16.47,15
303,,Eslabon Armado,80,4.03,4.71,25.67,15
304,,Chris Stapleton,78,4.20,6.13,19.86,15
305,,Nickelback,75,5.52,6.54,15.69,15
306,,French Montana,73,6.19,5.20,18.88,15
307,,TINI,77,4.38,6.91,18.65,15
308,,Zion & Lennox,75,4.36,7.61,20.39,15
309,,Central Cee,82,3.68,4.00,32.44,15
310,,Calibre 50,74,4.83,10.67,11.88,15
311,,Mora,86,4.57,2.69,23.44,15
312,,Bruce Springsteen,74,5.40,5.86,15.94,15
313,,Kesha,75,4.64,7.65,18.84,15
314,,Jul,80,5.46,8.22,7.63,15
315,,Lizzo,74,5.17,5.64,20.66,15
316,,Sabrina Carpenter,77,3.81,6.00,25.35,15
317,,Bring Me The Horizon,77,5.60,5.08,13.12,14
318,,Jason Mraz,71,5.14,7.28,16.83,14
319,,Dire Straits,74,4.28,6.97,17.35,14
320,,Steve Lacy,80,3.67,3.62,27.22,14
321,,Los Ángeles Azules,75,4.19,7.24,16.37,14
322,,Natti Natasha,72,4.60,9.41,14.78,14
323,,Amy Winehouse,73,4.70,8.58,15.24,14
324,,Swae Lee,80,4.28,1.82,38.14,14
325,,Sidhu Moose Wala,77,2.96,23.57,9.86,14
326,,Phil Collins,74,4.75,5.38,20.34,14
327,,Mac DeMarco,78,4.48,4.55,16.93,14
328,,The Offspring,76,4.82,5.20,18.91,14
329,,Pharrell Williams,78,3.82,4.28,30.58,14
330,,Lil Yachty,77,3.68,9.30,12.86,14
331,,Danny Ocean,75,4.77,5.24,18.41,14
332,,Alesso,74,5.33,3.98,19.62,14
333,,Kings of Leon,72,5.41,5.29,15.74,14
334,,Pearl Jam,73,4.91,8.42,13.06,14
335,,Fifth Harmony,67,4.83,16.21,10.40,14
336,,Zach Bryan,88,4.17,2.13,23.56,14
337,,PARTYNEXTDOOR,76,4.33,5.74,17.50,14
338,,Tate McRae,76,4.82,3.70,23.75,14
339,,Burna Boy,81,3.13,6.64,20.31,14
340,,Ricardo Arjona,74,4.85,12.25,8.53,14
341,,Jessie J,69,4.09,11.64,16.01,14
342,,Justin Quiles,77,4.68,4.17,17.46,14
343,,Grupo Frontera,86,3.35,1.80,35.58,13
344,,SEVENTEEN,78,4.16,10.21,7.25,13
345,,Chase Atlantic,78,3.82,5.59,13.35,13
346,,Nicki Nicole,79,3.10,4.79,22.28,13
347,,The Strokes,74,4.72,5.20,12.93,13
348,,Alejandro Sanz,74,4.38,7.47,13.46,13
349,,Bazzi,70,5.62,5.54,13.17,13
350,,Céline Dion,72,4.37,7.71,13.13,13
351,,Quavo,79,3.47,6.91,15.92,13
352,,Wisin,74,3.97,9.16,13.22,13
353,,Jack Johnson,74,5.98,3.71,12.59,13
354,,Dalex,73,5.59,4.79,12.22,13
355,,6ix9ine,70,5.48,6.99,10.18,13
356,,Joan Sebastian,75,4.18,9.28,11.34,13
357,,Lost Frequencies,76,4.90,2.74,25.65,13
358,,NewJeans,84,2.58,5.24,25.02,13
359,,YNW Melly,73,4.34,9.54,11.01,13
360,,Rex Orange County,73,4.75,5.61,13.51,13
361,,Kehlani,72,4.50,7.20,13.99,13
362,,Marc Anthony,74,4.39,9.29,11.28,13
363,,Mumford & Sons,70,5.63,6.56,10.46,13
364,,Backstreet Boys,73,4.77,5.37,17.12,13
365,,Jubin Nautiyal,75,2.36,13.20,20.62,13
366,,Vance Joy,74,5.25,2.90,22.62,13
367,,Ninho,78,4.94,8.70,6.78,13
368,,Tove Lo,73,5.44,3.51,15.90,13
369,,Alec Benjamin,74,4.53,4.57,17.79,13
370,,Don Toliver,81,3.78,3.24,23.65,13
371,,Vicente Fernández,75,4.08,9.58,9.82,13
372,,Kane Brown,73,5.31,5.14,12.21,13
373,,Hailee Steinfeld,69,5.30,8.90,12.18,13
374,,Jhené Aiko,75,3.71,6.80,11.07,12
375,,Tainy,80,4.16,1.69,28.52,12
376,,Luis R Conriquez,80,3.59,3.43,16.55,12
377,,Jesse & Joy,73,3.58,8.11,13.09,12
378,,Three Days Grace,73,4.58,5.82,10.17,12
379,,Jeremih,72,4.32,6.56,12.65,12
380,,Journey,72,3.72,5.20,18.12,12
381,,George Ezra,72,4.54,4.12,16.39,12
382,,Badshah,74,1.91,25.08,16.00,12
383,,Soda Stereo,73,3.78,8.16,10.36,12
384,,6LACK,73,4.89,4.47,14.91,12
385,,Santa Fe Klan,76,3.01,8.40,11.99,12
386,,Ice Cube,73,3.22,7.35,16.08,12
387,,H.E.R.,73,4.28,6.77,11.14,12
388,,Neha Kakkar,72,1.56,42.50,14.35,12
389,,Julia Michaels,73,3.78,5.09,18.76,12
390,,Ricky Martin,71,4.02,7.61,15.17,12
391,,Mitski,77,3.94,5.04,11.86,12
392,,Disney,80,9.94,0.39,23.43,12
393,,Armin van Buuren,73,4.51,4.34,14.68,12
394,,Train,71,4.31,4.36,18.05,12
395,,TOMORROW X TOGETHER,76,3.38,8.63,10.32,12
396,,Jason Aldean,73,4.67,6.36,9.49,12
397,,Juan Gabriel,74,3.81,8.20,10.33,12
398,,Carlos Vives,72,3.85,6.14,14.77,12
399,,Marvin Gaye,73,3.89,5.16,19.94,12
400,,Darshan Raval,77,1.81,12.91,20.18,12
401,,Johnny Cash,72,4.82,6.05,11.38,12
402,,Nelly Furtado,75,3.38,3.56,25.93,12
403,,Disturbed,72,4.80,6.25,10.61,12
404,,Charli XCX,76,3.81,2.98,22.73,12
405,,NAV,73,5.96,3.39,12.30,12
406,,Swedish House Mafia,75,3.27,3.79,24.67,12
407,,El Alfa,77,3.97,3.10,22.79,12
408,,The Cure,74,3.84,4.79,16.81,12
409,,Atif Aslam,75,1.91,17.63,17.25,12
410,,Luan Santana,76,3.41,7.48,11.63,12
411,,Macklemore & Ryan Lewis,72,5.06,2.65,22.92,12
412,,Avenged Sevenfold,74,4.53,6.52,9.20,12
413,,Luísa Sonza,80,2.88,4.80,14.12,11
414,,girl in red,73,3.13,6.30,13.35,11
415,,Anderson .Paak,76,3.80,2.39,20.28,11
416,,Offset,77,3.55,2.93,20.07,11
417,,Dean Lewis,73,4.35,2.72,17.09,11
418,,Iron Maiden,71,3.73,8.56,8.11,11
419,,Sfera Ebbasta,78,3.50,5.70,9.11,11
420,,Bryant Myers,77,2.80,9.66,9.24,11
421,,Pablo Alborán,72,4.08,5.01,12.99,11
422,,The Doors,71,3.54,7.43,11.28,11
423,,Thomas Rhett,71,4.81,4.64,9.96,11
424,,Rick Ross,75,2.96,7.06,12.30,11
425,,KK,76,1.72,13.25,20.34,11
426,,Depeche Mode,73,3.62,5.79,13.12,11
427,,Rod Wave,78,3.92,5.46,8.16,11
428,,Tom Odell,74,3.56,3.44,23.41,11
429,,Chance the Rapper,72,4.20,5.94,10.52,11
430,,Black Sabbath,71,3.11,7.21,14.77,11
431,,LUDMILLA,75,2.59,6.68,16.30,11
432,,2 Chainz,74,3.57,8.04,10.22,11
433,,Galantis,70,5.08,3.39,13.95,11
434,,Hans Zimmer,74,5.00,3.50,10.22,11
435,,Nelly,73,4.22,2.52,18.85,11
436,,The Smiths,75,3.56,4.47,13.03,11
437,,Jay Wheeler,75,3.66,3.37,18.96,11
438,,Steve Aoki,71,4.18,3.79,16.61,11
439,,Felix Jaehn,74,5.84,1.30,20.94,11
440,,Juanes,74,3.06,4.54,18.38,11
441,,Alfredo Olivas,79,3.26,6.54,10.31,11
442,,Outkast,73,4.04,2.35,21.04,11
443,,R3HAB,75,4.08,2.52,22.64,11
444,,Five Finger Death Punch,72,5.40,6.22,6.89,11
445,,Tiago PZK,78,3.02,3.96,20.03,11
446,,Carly Rae Jepsen,72,3.55,5.25,17.54,11
447,,Nio Garcia,70,4.49,5.25,12.55,11
448,,Sid Sriram,76,1.97,13.32,12.46,11
449,,Bryan Adams,73,4.17,3.28,19.66,11
450,,De La Ghetto,75,2.60,7.23,17.09,11
451,,Tanishk Bagchi,76,3.00,3.43,20.78,11
452,,Plan B,77,3.26,3.40,20.44,11
453,,Korn,74,3.84,6.65,10.44,11
454,,Rema,77,2.41,3.15,31.71,10
455,,CNCO,67,3.76,9.93,6.95,10
456,,YOASOBI,76,2.66,6.36,9.53,10
457,,Yeat,80,3.42,3.09,11.89,10
458,,Disclosure,71,5.37,2.15,14.40,10
459,,AP Dhillon,78,2.67,4.22,16.78,10
460,,LANY,71,3.99,5.64,8.56,10
461,,T-Pain,75,3.00,4.50,11.73,10
462,,James Bay,69,4.58,3.96,11.35,10
463,,Dan + Shay,71,4.36,3.07,13.53,10
464,,"Earth, Wind & Fire",72,3.27,4.03,17.89,10
465,,Blake Shelton,69,3.48,7.26,8.79,10
466,,George Michael,71,3.31,4.43,16.79,10
467,,R.E.M.,72,3.35,4.18,17.84,10
468,,Sonu Nigam,74,1.52,13.39,16.69,10
469,,Marco Antonio Solís,73,3.01,6.68,10.25,10
470,,EXO,71,3.29,9.80,6.12,10
471,,Lunay,68,3.37,8.89,9.70,10
472,,Zac Brown Band,72,3.80,3.70,11.20,10
473,,Kevin Gates,71,5.04,6.05,5.91,10
474,,Tulus,74,2.17,13.26,9.36,10
475,,KISS,70,2.86,8.91,13.05,10
476,,YG,72,4.46,3.17,11.07,10
477,,Ski Mask The Slump God,72,3.71,5.53,9.30,10
478,,Giveon,76,2.91,3.16,23.29,10
479,,Udit Narayan,78,1.34,11.44,19.96,10
480,,El Fantasma,72,3.23,5.93,9.86,10
481,,Alka Yagnik,79,1.39,11.36,18.87,10
482,,Foster The People,69,3.93,3.77,13.60,10
483,,(G)I-DLE,75,2.52,7.27,10.92,10
484,,Limp Bizkit,73,3.29,5.35,13.76,10
485,,Bob Dylan,69,3.83,6.26,9.50,10
486,,The Cranberries,72,3.12,3.62,17.17,10
487,,Clairo,75,3.15,4.12,14.80,10
488,,Lenny Tavárez,76,4.04,2.28,14.55,10
489,,Jess Glynne,71,4.97,3.04,10.18,10
490,,Cage The Elephant,72,3.94,3.38,13.69,10
491,,Madison Beer,71,2.98,5.91,14.66,10
492,,Mau y Ricky,69,3.36,6.81,12.30,10
493,,Lynyrd Skynyrd,71,3.14,4.84,16.25,10
494,,Gerardo Ortiz,72,3.07,7.44,8.54,10
495,,Scorpions,71,2.80,6.66,13.07,10
496,,Bon Iver,74,3.48,3.48,15.57,10
497,,Vishal-Shekhar,74,2.13,5.39,22.35,10
498,,V,83,1.21,15.22,12.54,10
499,,Van Halen,71,3.02,5.61,13.47,10
500,,KHEA,73,3.35,5.24,10.43,10
501,,Weezer,72,3.65,3.21,14.45,10
502,,La Arrolladora Banda El Limón De Rene Camacho,73,4.11,6.36,7.47,10
503,,Destiny's Child,70,3.27,6.69,14.14,10
504,,Armaan Malik,72,1.39,19.25,14.64,9
505,,Fetty Wap,68,4.30,4.56,8.89,9
506,,Lil Mosey,67,3.84,5.22,7.57,9
507,,Ludovico Einaudi,76,3.53,3.17,7.47,9
508,,PinkPantheress,76,2.16,2.39,25.15,9
509,,Los Tigres Del Norte,74,3.15,4.99,9.97,9
510,,James Blunt,70,3.76,2.87,11.50,9
511,,AJR,71,3.98,3.03,10.08,9
512,,Moneybagg Yo,75,2.86,4.00,11.15,9
513,,Carrie Underwood,70,2.77,5.89,10.58,9
514,,Paul McCartney,69,3.29,4.53,11.57,9
515,,Ruth B.,72,3.05,3.08,20.04,9
516,,The Game,70,3.23,4.82,12.85,9
517,,Gera MX,75,2.97,4.45,10.03,9
518,,RAYE,77,2.96,1.00,29.74,9
519,,Latto,85,1.85,1.20,35.37,9
520,,Gustavo Mioto,75,2.29,5.49,11.99,9
521,,Mark Ronson,72,4.07,1.04,22.63,9
522,,Oliver Tree,73,2.97,2.33,17.86,9
523,,Skillet,71,3.69,4.82,7.71,9
524,,Trey Songz,68,3.59,7.46,7.84,9
525,,Eric Clapton,70,3.21,5.54,11.98,9
526,,T.I.,72,3.14,4.69,10.82,9
527,,Matuê,74,2.60,9.20,7.15,9
528,,Gwen Stefani,71,2.51,6.25,15.18,9
529,,Ñengo Flow,78,1.88,4.84,17.46,9
530,,PNL,71,3.66,7.63,4.36,9
531,,The Beach Boys,70,3.34,4.27,11.99,9
532,,Chayanne,71,2.34,7.53,12.07,9
533,,Passenger,69,3.98,3.24,14.16,9
534,,Jimin,82,1.92,6.54,8.72,9
535,,Deftones,77,3.05,4.38,9.04,9
536,,Ha*Ash,72,2.59,8.07,8.16,9
537,,Yuvan Shankar Raja,74,1.76,11.21,11.52,9
538,,Tones And I,68,4.43,3.02,13.69,9
539,,Aitana,73,3.33,2.76,13.36,9
540,,Rage Against The Machine,70,2.98,5.62,9.75,9
541,,Lil Pump,63,4.29,8.02,6.71,9
542,,ENHYPEN,76,2.26,6.48,9.27,9
543,,Prince,69,2.80,7.03,11.22,9
544,,TOTO,72,3.23,2.73,20.12,9
545,,Evanescence,71,2.88,4.07,12.46,9
546,,Grupo Marca Registrada,78,2.43,3.14,14.45,9
547,,JVKE,77,2.11,3.08,24.60,9
548,,Brytiago,73,2.52,6.67,11.51,9
549,,Simon & Garfunkel,70,3.25,4.83,11.25,9
550,,MARINA,71,3.52,4.91,9.68,9
551,,Ice Spice,81,1.58,1.98,38.77,9
552,,ScHoolboy Q,70,3.55,4.61,9.03,9
553,,Jimi Hendrix,68,3.03,6.37,9.10,9
554,,Flume,69,4.51,2.41,10.26,9
555,,José José,73,3.09,6.58,8.45,9
556,,Tears For Fears,73,2.50,3.06,20.21,9
557,,Baby Keem,77,3.25,1.69,17.30,9
558,,Noriel,73,2.54,7.38,9.19,9
559,,Ana Castela,82,2.32,2.86,15.64,9
560,,MC Ryan SP,80,2.01,3.17,16.37,9
561,,Tim McGraw,71,3.53,4.47,9.61,9
562,,Papa Roach,70,3.43,4.94,11.48,9
563,,24kGoldn,70,4.36,2.08,14.06,9
564,,Mon Laferte,72,2.47,6.17,9.45,8
565,,Canserbero,74,2.20,7.86,5.52,8
566,,Sam Hunt,70,3.63,2.32,8.97,8
567,,Ozzy Osbourne,70,2.76,4.99,9.64,8
568,,La Adictiva Banda San José de Mesillas,71,2.50,5.49,10.73,8
569,,DNCE,67,2.88,4.60,11.44,8
570,,X Ambassadors,70,2.90,2.94,13.41,8
571,,Cazzu,72,2.21,6.41,10.40,8
572,,Becky Hill,74,4.07,0.68,18.53,8
573,,Electric Light Orchestra,69,2.64,3.89,12.37,8
574,,Shaggy,72,2.69,2.03,17.27,8
575,,Eric Church,71,3.24,3.86,9.33,8
576,,Juan Luis Guerra 4.40,74,2.33,4.43,10.60,8
577,,Sigala,70,3.89,1.58,11.35,8
578,,3 Doors Down,69,2.61,4.22,11.29,8
579,,Charlie Brown Jr.,72,2.60,6.62,6.52,8
580,,Cosculluela,71,2.36,5.68,11.18,8
581,,Shania Twain,72,2.57,3.01,16.49,8
582,,MC Kevin o Chris,78,2.00,3.11,18.12,8
583,,Pineapple StormTv,71,2.37,8.55,7.57,8
584,,Iggy Azalea,67,2.81,6.48,7.72,8
585,,The Black Keys,69,3.44,3.92,9.46,8
586,,A$AP Ferg,69,3.30,3.67,11.58,8
587,,TV Girl,77,2.01,3.29,15.52,8
588,,The White Stripes,70,2.93,2.91,15.82,8
589,,Os Barões Da Pisadinha,68,3.19,6.91,4.79,8
590,,MGMT,72,2.94,2.86,12.68,8
591,,Lata Mangeshkar,74,1.45,11.28,12.46,8
592,,League of Legends,75,3.01,1.65,17.44,8
593,,Chencho Corleone,78,3.21,0.53,28.27,8
594,,The Vamps,65,3.38,5.82,8.25,8
595,,Keane,71,2.70,3.12,16.02,8
596,,Tyler Childers,78,2.75,2.02,12.26,8
597,,Jax Jones,72,3.80,1.14,15.57,8
598,,Kenny Chesney,70,3.29,4.40,8.38,8
599,,Diljit Dosanjh,70,1.28,17.70,11.15,8
600,,GIMS,70,2.81,4.11,9.26,8
601,,Nas,73,2.86,3.42,10.85,8
602,,Lukas Graham,69,3.96,2.14,13.49,8
603,,Aya Nakamura,70,2.95,4.25,8.56,8
604,,King Von,75,2.53,3.23,8.73,8
605,,alt-J,68,3.48,3.21,8.70,8
606,,Damso,73,3.09,4.82,5.17,8
607,,Dilsinho,72,2.49,4.21,9.36,8
608,,Julión Álvarez y su Norteño Banda,75,2.56,3.80,9.82,8
609,,Van Morrison,71,3.07,2.97,12.69,8
610,,Daryl Hall & John Oates,71,3.05,2.22,17.53,8
611,,The Smashing Pumpkins,71,2.73,4.70,10.87,8
612,,keshi,74,2.41,3.04,11.59,8
613,,Lil Skies,67,4.25,5.02,4.99,8
614,,Ciara,70,2.13,6.32,11.32,8
615,,Los Tucanes De Tijuana,75,2.74,2.60,14.44,8
616,,Chief Keef,72,2.74,4.09,10.06,8
617,,Birdy,68,3.31,3.79,9.94,8
618,,Dimitri Vegas & Like Mike,69,3.07,3.46,10.66,8
619,,Jorja Smith,72,2.72,3.24,14.16,8
620,,Norah Jones,70,3.26,3.03,8.72,8
621,,Timbaland,76,2.14,2.61,20.81,8
622,,Los Temerarios,76,2.79,3.82,5.95,8
623,,Milky Chance,71,3.28,1.84,14.03,8
624,,Tina Turner,69,3.06,3.70,11.50,8
625,,George Strait,71,2.90,4.04,8.48,8
626,,Carlos Rivera,72,2.86,4.37,8.32,8
627,,Cheat Codes,66,5.04,2.20,8.16,8
628,,Nick Jonas,64,2.81,9.39,7.64,8
629,,C. Tangana,71,3.49,2.53,9.66,8
630,,MEDUZA,75,3.94,0.67,21.43,8
631,,Ryan Castro,78,1.93,1.84,23.64,8
632,,LIT killah,75,1.89,5.03,16.23,8
633,,Jeremy Zucker,69,3.82,2.20,10.53,8
634,,Hillsong Worship,71,3.63,5.19,5.34,8
635,,Fergie,68,2.22,5.62,12.31,8
636,,Red Velvet,68,2.90,8.75,5.81,8
637,,Christina Perri,69,3.11,3.71,12.14,8
638,,Keith Urban,68,2.85,5.23,7.80,8
639,,Robbie Williams,69,3.05,2.75,11.63,8
640,,Trueno,72,2.34,5.09,10.01,8
641,,Danna Paola,70,2.85,4.75,10.05,8
642,,Rod Stewart,70,2.89,4.35,10.85,8
643,,Zoé,71,2.93,5.41,7.28,8
644,,benny blanco,69,4.33,1.07,16.05,8
645,,Natalia Lafourcade,72,2.33,4.18,10.10,8
646,,Mc Don Juan,75,2.04,5.29,12.61,8
647,,B.o.B,72,3.04,2.14,18.91,8
648,,Santana,70,2.40,3.15,14.89,8
649,,Ella Mai,68,2.53,5.19,7.55,7
650,,d4vd,77,1.79,1.69,25.95,7
651,,j-hope,72,1.47,16.01,4.31,7
652,,Aleman,73,2.28,5.06,7.61,7
653,,John Lennon,67,2.37,5.64,10.50,7
654,,Rascal Flatts,67,2.53,3.60,9.49,7
655,,David Bisbal,68,2.45,4.53,7.67,7
656,,Mc Livinho,71,1.59,7.57,10.16,7
657,,Sade,72,2.30,3.43,11.43,7
658,,Capital Bra,67,4.52,4.41,3.58,7
659,,Yo Yo Honey Singh,71,1.02,13.04,11.13,7
660,,Thalia,67,2.12,4.88,9.37,7
661,,Ella Henderson,72,2.39,1.60,15.72,7
662,,Rise Against,69,3.42,2.67,7.40,7
663,,Agust D,73,1.60,12.79,4.33,7
664,,Bruno & Marrone,71,2.66,5.43,6.29,7
665,,Lord Huron,72,2.87,1.32,16.14,7
666,,Yuridia,71,2.28,4.04,9.48,7
667,,Sezen Aksu,71,1.80,8.09,5.46,7
668,,Mohit Chauhan,73,1.04,8.23,16.80,7
669,,Los Enanitos Verdes,70,2.17,3.83,11.33,7
670,,Of Monsters and Men,66,2.70,3.53,8.55,7
671,,MC Cabelinho,75,1.45,5.44,9.82,7
672,,Stromae,69,2.69,3.11,10.91,7
673,,Hombres G,70,1.96,4.02,10.64,7
674,,ITZY,71,2.15,5.86,6.48,7
675,,Luciano,73,3.30,1.96,6.93,7
676,,Alan Jackson,71,2.79,2.49,8.78,7
677,,Shankar Mahadevan,73,0.93,8.06,18.68,7
678,,NIKI,73,2.04,2.82,10.05,7
679,,The Who,67,2.26,5.18,9.01,7
680,,Dermot Kennedy,71,3.40,1.42,12.55,7
681,,Kumar Sanu,75,1.17,12.10,10.45,7
682,,Kevin Roldan,68,2.17,5.81,6.83,7
683,,WizKid,76,1.94,4.27,10.14,7
684,,All Time Low,68,2.91,2.99,7.15,7
685,,Hungria Hip Hop,72,2.04,9.22,5.82,7
686,,La Oreja de Van Gogh,71,2.50,3.49,10.92,7
687,,Kacey Musgraves,74,2.32,1.24,17.50,7
688,,Noah Kahan,80,2.37,1.25,15.18,7
689,,Ferrugem,71,2.02,5.47,6.74,7
690,,Rahat Fateh Ali Khan,71,1.08,16.87,12.22,7
691,,Kim Petras,74,2.43,0.98,21.55,7
692,,Melendi,71,2.70,3.62,7.01,7
693,,Mike Posner,68,3.42,1.38,14.63,7
694,,Sunidhi Chauhan,72,0.78,15.81,15.52,7
695,,Why Don't We,67,3.36,3.65,8.24,7
696,,Sin Bandera,69,2.22,5.78,8.04,7
697,,Breaking Benjamin,69,3.14,4.47,6.24,7
698,,iann dior,70,2.69,1.77,12.64,7
699,,Dove Cameron,70,1.76,4.38,12.74,7
700,,S. P. Balasubrahmanyam,76,1.18,9.38,11.96,7
701,,Julieta Venegas,72,2.47,2.11,15.21,7
702,,Kevin Kaarl,72,2.09,5.94,7.55,7
703,,Shinedown,69,2.95,3.96,5.96,7
704,,a-ha,70,2.38,2.09,17.37,7
705,,Liam Payne,61,3.19,10.32,5.31,7
706,,AURORA,71,2.23,3.18,11.75,7
707,,Joey Bada$$,71,2.71,3.17,8.90,7
708,,Sum 41,70,2.72,3.66,9.73,7
709,,WILLOW,69,2.70,2.32,13.14,7
710,,Lionel Richie,69,2.17,3.24,11.38,7
711,,Selena Gomez & The Scene,67,1.72,9.28,12.46,7
712,,Dominic Fike,76,2.52,1.29,16.95,7
713,,The Fray,67,2.86,4.01,9.98,7
714,,Ghost,74,2.40,2.68,9.27,7
715,,will.i.am,72,1.87,4.14,11.75,7
716,,Queens of the Stone Age,70,2.46,3.35,7.51,7
717,,LISA,77,1.63,5.17,10.80,7
718,,Sean Kingston,68,2.23,3.17,13.46,7
719,,Bonez MC,74,3.40,2.15,4.89,7
720,,M83,69,2.55,2.30,12.01,7
721,,DMX,69,2.33,4.62,9.36,7
722,,Tulsi Kumar,71,1.25,7.84,13.79,7
723,,Ms. Lauryn Hill,71,2.55,2.59,13.34,7
724,,Karan Aujla,76,1.40,6.11,9.20,7
725,,Stormzy,71,2.74,2.85,9.71,7
726,,RAF Camora,75,3.85,1.70,5.72,7
727,,Los Bukis,73,2.46,3.70,6.77,7
728,,Mötley Crüe,70,2.49,4.83,8.67,7
729,,Kodaline,67,2.77,2.98,8.82,7
730,,DJ Luian,75,2.31,2.11,14.11,7
731,,Apache 207,74,2.86,2.52,6.27,7
732,,Dolly Parton,70,2.67,2.24,13.29,7
733,,IU,70,2.28,8.18,5.97,7
734,,The Goo Goo Dolls,70,2.44,2.62,15.19,7
735,,bbno$,72,3.28,1.27,10.20,7
736,,Ke Personajes,80,1.75,2.61,11.67,7
737,,Camila,70,2.06,4.19,10.64,7
738,,ILLENIUM,71,3.75,1.44,9.48,7
739,,Ezhel,69,2.39,5.99,4.91,7
740,,Sublime,69,2.83,2.64,8.70,7
741,,The Pussycat Dolls,67,2.29,5.50,11.55,7
742,,Cavetown,69,2.64,3.77,6.65,7
743,,Morad,77,2.11,2.03,11.45,7
744,,Aretha Franklin,69,2.73,3.22,11.35,7
745,,Marilyn Manson,68,2.59,4.09,6.79,7
746,,Banda El Recodo,70,2.80,3.62,7.19,7
747,,Cris Mj,75,2.21,1.45,16.18,7
748,,L7NNON,72,1.98,3.49,9.96,7
749,,Filipe Ret,74,1.79,4.99,7.23,7
750,,The Clash,68,2.50,2.59,11.51,7
751,,Hillsong UNITED,69,3.23,3.84,5.28,7
752,,NCT DREAM,73,2.00,7.18,6.03,7
753,,Mother Mother,70,2.44,3.50,7.59,7
754,,Alice In Chains,70,2.42,4.72,7.52,7
755,,Normani,67,3.02,2.50,12.10,7
756,,Mari Fernandez,75,2.04,2.28,11.49,7
757,,Rag'n'Bone Man,66,2.75,1.73,9.53,6
758,,Intocable,70,2.40,3.61,7.03,6
759,,MF DOOM,74,2.52,2.24,7.52,6
760,,Hardwell,66,2.38,3.73,6.75,6
761,,G. V. Prakash,71,0.99,7.98,9.36,6
762,,Tom Petty,68,1.89,2.33,11.20,6
763,,TLC,67,1.82,3.72,10.69,6
764,,Sting,68,2.24,3.07,9.94,6
765,,Rudimental,68,3.49,1.38,10.44,6
766,,Casper Magico,67,2.44,2.37,7.90,6
767,,Selena,69,2.17,3.48,8.10,6
768,,Sufjan Stevens,69,2.46,1.82,8.97,6
769,,Afrojack,70,2.30,4.04,6.89,6
770,,DENNIS,72,1.93,2.16,14.56,6
771,,Calle 13,67,2.26,2.91,8.18,6
772,,Joyner Lucas,69,2.66,2.08,6.86,6
773,,Pedro Capó,68,2.62,1.67,9.51,6
774,,Lenny Kravitz,68,1.96,3.02,10.66,6
775,,Audioslave,67,1.92,4.28,7.74,6
776,,Dierks Bentley,67,2.30,3.07,6.53,6
777,,Ghostemane,70,2.45,3.24,5.61,6
778,,Annie Lennox,68,2.46,1.42,15.03,6
779,,Diego & Victor Hugo,71,2.11,2.94,9.03,6
780,,Denzel Curry,69,2.31,2.39,6.77,6
781,,Key Glock,74,2.14,1.71,11.73,6
782,,Wham!,67,2.47,2.45,11.55,6
783,,Elevation Worship,72,2.67,2.63,5.80,6
784,,Beach House,70,2.19,1.93,11.86,6
785,,John Williams,69,3.95,1.28,5.22,6
786,,Jay Chou,71,2.64,4.87,2.56,6
787,,Beret,68,2.34,2.90,6.13,6
788,,The xx,65,2.79,3.92,6.28,6
789,,Ben&Ben,68,1.92,8.35,4.53,6
790,,Taio Cruz,68,2.36,2.27,12.78,6
791,,Rich The Kid,68,2.75,3.13,5.76,6
792,,Young Miko,82,1.27,1.13,28.94,6
793,,Mary J. Blige,69,2.03,3.65,10.52,6
794,,MC Hariel,73,1.56,5.03,8.07,6
795,,Glee Cast,67,4.31,1.52,4.88,6
796,,Foreigner,68,1.86,2.93,12.14,6
797,,Cyndi Lauper,69,2.10,2.43,15.26,6
798,,Beastie Boys,68,2.06,2.63,8.79,6
799,,Tee Grizzley,67,2.29,3.53,5.44,6
800,,Blur,70,2.00,3.06,11.71,6
801,,Jowell & Randy,70,1.37,4.36,12.75,6
802,,Dread Mar I,69,2.07,2.62,8.47,6
803,,Miranda Lambert,68,2.37,3.59,7.90,6
804,,Blessd,74,1.67,2.57,14.96,6
805,,Two Door Cinema Club,67,2.42,2.34,7.71,6
806,,JID,75,1.63,1.33,20.75,6
807,,Sofía Reyes,68,2.09,3.09,10.54,6
808,,BoyWithUke,72,2.04,3.65,7.43,6
809,,Tarcísio do Acordeon,70,1.66,4.43,7.09,6
810,,CRO,72,2.43,2.38,6.00,6
811,,Sachin-Jigar,75,1.50,1.70,21.89,6
812,,beabadoobee,74,1.26,2.47,15.39,6
813,,Owl City,67,2.37,2.41,10.01,6
814,,SAINt JHN,67,3.29,1.00,10.23,6
815,,Lee Brice,69,2.37,2.15,8.02,6
816,,Two Feet,69,2.39,1.87,8.81,6
817,,Louis Tomlinson,67,2.53,7.01,3.40,6
818,,João Gomes,69,1.75,6.37,6.23,6
819,,Greeicy,67,1.87,7.16,6.50,6
820,,D-Block Europe,76,2.16,1.17,16.73,6
821,,Westlife,67,2.44,3.87,5.29,6
822,,Harris Jayaraj,71,1.14,6.44,9.73,6
823,,Stephen Sanchez,74,1.72,0.86,25.81,6
824,,Emilia,77,1.37,1.68,17.41,6
825,,Carla Morrison,71,1.87,3.92,9.18,6
826,,Joel Corry,73,3.26,0.36,17.40,6
827,,Sam Feldt,70,3.70,0.77,13.10,6
828,,Sleepy Hallow,75,2.55,1.51,10.05,6
829,,Noah Cyrus,69,3.29,1.21,12.26,6
830,,Ali Gatie,66,2.66,2.09,8.62,6
831,,NEFFEX,70,2.73,2.38,5.22,6
832,,Ricardo Montaner,67,1.75,6.13,7.25,6
833,,Soolking,71,1.58,4.77,7.54,6
834,,ZZ Top,68,2.01,4.11,9.20,6
835,,Tony Dize,70,1.23,3.64,14.34,6
836,,Los Dos Carnales,70,2.00,2.61,7.74,6
837,,Boyce Avenue,67,3.40,3.19,4.02,6
838,,Pantera,68,1.79,4.61,6.32,6
839,,Gloria Trevi,70,1.91,4.77,6.76,6
840,,Supertramp,69,1.89,3.22,10.21,6
841,,Megadeth,68,1.91,4.93,5.23,6
842,,Dadju,69,1.77,5.41,5.22,6
843,,Boney M.,69,1.96,1.79,12.75,6
844,,Bill Withers,71,2.15,1.56,16.37,6
845,,Alex Rose,68,2.26,3.75,7.13,6
846,,Def Leppard,68,1.69,4.59,7.59,6
847,,Hugo & Guilherme,75,2.21,1.30,8.39,6
848,,Spice Girls,67,1.88,3.17,11.36,6
849,,Wale,68,2.27,4.18,6.05,6
850,,Incubus,67,2.24,3.13,7.34,6
851,,Louis Armstrong,68,2.33,2.74,9.31,6
852,,Mabel,65,3.23,1.88,8.06,6
853,,fun.,66,2.19,3.52,10.59,6
854,,Kylie Minogue,71,2.26,1.79,14.49,6
855,,MC Kevinho,62,2.09,8.15,4.71,6
856,,Otis Redding,69,2.07,2.15,9.87,6
857,,Thirty Seconds To Mars,68,2.25,3.42,8.91,6
858,,Juan Magán,67,2.63,1.78,8.71,6
859,,ANAVITÓRIA,68,2.25,6.86,5.06,6
860,,WALK THE MOON,67,2.60,2.12,11.35,6
861,,Lady A,65,2.19,3.84,7.67,6
862,,Pixies,69,2.01,2.65,9.60,6
863,,Cali Y El Dandee,67,2.44,3.99,8.01,6
864,,Jelly Roll,75,1.69,2.54,7.29,6
865,,Falling In Reverse,71,2.19,2.78,6.88,6
866,,Aminé,68,3.07,1.89,9.72,6
867,,Volbeat,69,3.08,2.43,5.55,6
868,,Pepe Aguilar,68,2.04,4.29,7.79,6
869,,Jon Pardi,72,2.41,1.79,9.12,6
870,,Official HIGE DANdism,70,2.17,5.96,5.15,6
871,,Ella Fitzgerald,65,3.61,2.35,5.02,6
872,,UZI,73,1.87,3.67,5.40,6
873,,Niska,69,2.27,5.18,4.52,6
874,,Snow Patrol,66,2.24,2.89,9.30,6
875,,Wallows,68,2.12,2.54,8.57,6
876,,Colbie Caillat,67,2.44,2.50,9.91,6
877,,Empire of the Sun,70,2.15,1.33,14.19,6
878,,Leon Bridges,70,2.63,1.57,11.12,6
879,,Roxette,69,2.29,2.07,10.67,6
880,,Pentatonix,63,3.76,3.63,3.71,6
881,,Blueface,66,1.91,6.37,5.11,6
882,,Mahalini,72,1.04,8.54,9.17,6
883,,Wolfgang Amadeus Mozart,72,1.52,5.20,6.26,6
884,,Israel & Rodolffo,74,2.15,2.14,10.88,6
885,,Jon Z,69,1.40,5.94,7.58,6
886,,Years & Years,66,2.94,1.98,7.89,6
887,,Bronco,71,1.86,3.31,6.53,6
888,,Darell,74,1.56,3.86,10.48,6
889,,Lin-Manuel Miranda,70,4.08,0.58,11.37,6
890,,Rvssian,66,1.73,2.56,8.96,5
891,,Zion,73,0.88,3.94,10.13,5
892,,Cole Swindell,67,1.76,2.17,6.86,5
893,,Mike WiLL Made-It,67,2.29,1.54,7.97,5
894,,Lykke Li,67,1.64,1.91,9.01,5
895,,Busta Rhymes,70,1.41,2.53,12.09,5
896,,Leona Lewis,63,2.07,3.56,7.21,5
897,,Dido,69,2.28,1.64,8.40,5
898,,Nina Simone,66,2.03,2.68,7.94,5
899,,Kate Bush,67,1.88,1.74,11.33,5
900,,Gustavo Cerati,70,1.94,3.87,4.70,5
901,,The Kooks,66,2.30,2.48,7.26,5
902,,Gryffin,67,2.88,0.94,7.76,5
903,,Tinashe,67,1.67,2.67,7.66,5
904,,Guru Randhawa,67,0.63,16.86,8.96,5
905,,Seether,67,2.14,3.29,6.55,5
906,,Johann Sebastian Bach,74,1.17,4.14,7.50,5
907,,Jessie Reyez,68,2.25,1.36,10.01,5
908,,Olly Murs,63,2.15,3.33,6.42,5
909,,Cristian Castro,68,1.93,3.21,7.42,5
910,,Blondie,68,1.77,1.33,12.93,5
911,,Diddy,72,1.69,1.55,12.02,5
912,,Alanis Morissette,66,1.71,2.62,7.15,5
913,,Darius Rucker,67,1.63,2.49,8.10,5
914,,Wu-Tang Clan,66,1.84,2.85,6.28,5
915,,Capo Plaza,71,1.89,3.64,5.49,5
916,,Lenin Ramírez,68,1.80,2.89,8.33,5
917,,Lazza,74,1.98,1.75,6.14,5
918,,Kontra K,70,2.58,2.21,4.42,5
919,,ONE OK ROCK,69,1.87,5.13,4.07,5
920,,Eros Ramazzotti,68,1.78,2.10,6.89,5
921,,Chicago,67,1.72,3.81,8.85,5
922,,Yusuf / Cat Stevens,68,2.13,1.80,10.00,5
923,,KALEO,69,2.02,1.62,11.06,5
924,,Nipsey Hussle,66,1.93,3.30,4.02,5
925,,Moira Dela Torre,65,1.44,9.64,3.65,5
926,,Simple Plan,66,2.05,3.49,7.29,5
927,,INXS,69,1.62,2.47,10.15,5
928,,T3R Elemento,67,1.66,4.02,4.78,5
929,,Bullet For My Valentine,66,2.00,2.85,4.66,5
930,,Pink Sweat$,67,1.88,1.78,9.39,5
931,,Manu Chao,70,1.77,1.57,10.81,5
932,,Mc Paiva ZS,73,1.05,3.12,8.23,5
933,,Cordae,69,1.51,1.98,9.32,5
934,,Genesis,67,1.59,3.12,7.43,5
935,,Guilherme & Benuto,75,2.02,0.66,10.52,5
936,,Micro TDH,69,1.80,1.79,9.05,5
937,,Dean Martin,66,2.48,1.54,5.76,5
938,,Melim,66,1.68,5.72,4.05,5
939,,Bad Gyal,74,1.29,1.11,16.08,5
940,,Orochi,71,1.50,3.95,7.12,5
941,,Fred again..,76,1.40,0.97,14.03,5
942,,Jaymes Young,67,2.21,0.90,10.93,5
943,,John Denver,67,1.91,1.97,8.78,5
944,,Lauren Daigle,68,1.90,2.52,6.55,5
945,,Kenshi Yonezu,71,1.21,5.30,7.20,5
946,,Gazo,76,1.74,1.88,7.57,5
947,,Kungs,71,2.13,0.93,15.44,5
948,,Stone Temple Pilots,66,1.55,3.33,6.44,5
949,,Paul Simon,67,2.08,2.18,8.25,5
950,,Thiaguinho,70,1.98,3.58,5.56,5
951,,Nat King Cole,66,2.56,2.10,6.47,5
952,,Roberto Carlos,67,1.54,5.20,5.27,5
953,,Tech N9ne,67,2.10,2.74,3.89,5
954,,Toby Keith,68,1.90,2.11,6.49,5
955,,Felipe Amorim,77,1.29,1.05,11.91,5
956,,Hollywood Undead,67,2.79,2.34,4.56,5
957,,The Temptations,65,1.73,2.81,9.23,5
958,,R. Kelly,65,2.17,2.54,4.63,5
959,,Manuel Medrano,68,1.53,2.69,6.89,5
960,,MØ,69,2.11,1.46,7.51,5
961,,Tom Petty and the Heartbreakers,67,1.78,2.59,8.30,5
962,,deadmau5,66,2.08,2.83,6.17,5
963,,Brooks & Dunn,68,1.79,2.75,7.87,5
964,,Sachet Tandon,73,1.09,1.66,16.69,5
965,,DaVido,72,1.19,3.51,8.25,5
966,,Billy Idol,68,1.50,1.76,11.24,5
967,,A Day To Remember,68,2.80,2.27,5.16,5
968,,Portugal. The Man,66,2.28,1.41,9.52,5
969,,"Tito ""El Bambino""",67,1.35,3.79,9.00,5
970,,UB40,67,1.83,2.26,7.77,5
971,,Laura Pausini,68,1.87,2.39,7.62,5
972,,Sabaton,70,2.96,1.94,3.11,5
973,,The Doobie Brothers,67,1.57,2.36,8.62,5
974,,RM,70,1.19,14.93,3.48,5
975,,Xamã,72,1.55,2.57,9.23,5
976,,Mc Davi,69,1.33,3.79,6.40,5
977,,Vishal Dadlani,73,0.52,9.17,17.73,5
978,,LE SSERAFIM,75,1.27,3.03,9.27,5
979,,Kordhell,75,1.53,0.91,13.06,5
980,,Air Supply,67,1.60,4.05,5.95,5
981,,Mrs. GREEN APPLE,74,1.54,2.95,5.42,5
982,,Gotye,66,1.77,2.38,11.17,5
983,,NCT 127,66,2.07,7.13,3.13,5
984,,aespa,73,1.39,3.68,8.25,5
985,,PnB Rock,66,2.42,4.01,4.51,5
986,,Conor Maynard,64,2.40,2.15,5.90,5
987,,Lyanno,71,1.61,1.18,11.30,5
988,,Talking Heads,67,1.86,2.23,8.52,5
989,,Pamungkas,68,1.12,5.11,7.56,5
990,,Kany García,72,1.35,2.33,9.97,5
991,,Sasha Alex Sloan,68,2.05,1.35,10.56,5
992,,Mario,65,1.47,3.27,7.77,5
993,,Miky Woodz,67,1.46,3.96,5.37,5
994,,ODESZA,69,2.73,1.54,6.41,5
995,,Miguel Bosé,68,1.43,2.57,8.60,5
996,,Timmy Trumpet,70,2.46,1.07,10.79,5
997,,Juicy J,72,1.72,3.14,4.72,5
998,,Veigh,79,1.10,1.93,10.29,5
999,,FINNEAS,67,1.70,1.87,8.82,5
"1,000",,Yo Gotti,66,2.00,4.38,5.48,5
